INSERT INTO Users (UserID, Username, FirstName, LastName, DateOfBirth, Password, DateAdded) VALUES
(1, 'whaythornthwaite0', 'Wren', 'Haythornthwaite', '2011-08-24', 'eF4_.0<.,aQN{1#', '2023-09-24T14:06:31Z'),
(2, 'cabson1', 'Celle', 'Abson', '2007-11-17', 'iB1$YHz${|', '2024-08-04T20:36:15Z'),
(3, 'mmalitrott2', 'Moira', 'Malitrott', '2000-06-06', 'vR3,0tBB(Y''+,H+Q', '2024-07-24T06:15:24Z'),
(4, 'miggo3', 'Maurie', 'Iggo', '2007-09-12', 'kI3$2qV?<j', '2024-04-29T17:28:21Z'),
(5, 'mmcmylor4', 'Marijo', 'McMylor', '2010-09-24', 'iX4*#RmH_bE''nM', '2024-08-25T03:08:41Z'),
(6, 'gtindley5', 'Gordan', 'Tindley', '2009-01-12', 'pC0_\\4FO_pj<94', '2024-05-29T04:09:54Z'),
(7, 'jashby6', 'Joli', 'Ashby', '2006-03-29', 'pY0>Lp}9n', '2024-07-17T00:35:14Z'),
(8, 'fabercromby7', 'Fidole', 'Abercromby', '2011-05-22', 'pQ4.Md4y>/,Bd', '2024-08-08T02:08:02Z'),
(9, 'lcullinane8', 'Laurens', 'Cullinane', '2002-08-22', 'lE4\\!4YM', '2024-08-01T12:38:50Z'),
(10, 'tstockey9', 'Timothy', 'Stockey', '2006-04-22', 'zC2>RELHjLEm4Y5', '2024-02-05T05:01:53Z'),
(11, 'gkibela', 'Gardner', 'Kibel', '2005-03-18', 'cM6@RnAsam<', '2023-10-22T08:02:35Z'),
(12, 'hgurlingb', 'Haskell', 'Gurling', '2006-01-03', 'uG7}+Xy_=je', '2024-08-17T02:22:20Z'),
(13, 'dbaishc', 'Dorena', 'Baish', '2005-11-10', 'iM0\\kaV0E*n!g*o', '2024-04-22T03:01:36Z'),
(14, 'spetherickd', 'Sonni', 'Petherick', '2000-06-25', 'bD4>((wo9`5ql', '2023-10-26T15:48:43Z'),
(15, 'dfulgere', 'Dietrich', 'Fulger', '2000-07-07', 'cY8)?A''U', '2024-01-19T14:14:32Z'),
(16, 'bbenf', 'Birgitta', 'Ben', '2009-12-08', 'qW6+.sSh', '2024-04-07T19:09:51Z'),
(17, 'lleathwoodg', 'Levi', 'Leathwood', '2000-10-06', 'dE8@s=Om8Eh3>m4E', '2023-12-13T05:28:14Z'),
(18, 'mskirvenh', 'Max', 'Skirven', '2006-10-13', 'mZ0)M+@.gY6+A9L5', '2023-09-12T08:43:45Z'),
(19, 'sgeggiei', 'Sheilah', 'Geggie', '2012-08-07', 'gK8%kFTP?', '2024-01-19T12:34:31Z'),
(20, 'alonghornej', 'Aurelia', 'Longhorne', '2011-02-13', 'hY5\\''Zct&dWQ', '2024-02-21T00:55:21Z');

INSERT INTO Friends (FriendID, FriendWhoAdded, FriendBeingAdded, IsAccepted, DateAdded) VALUES
(1, 19, 13, false, '2000-10-23'),
(2, 20, 13, false, '2000-09-23'),
(3, 13, 8, false, '2002-06-13'),
(4, 5, 15, false, '2012-03-24'),
(5, 19, 6, true, '2001-01-23'),
(6, 20, 10, true, '2015-03-26'),
(7, 18, 9, false, '2013-02-02'),
(8, 4, 14, false, '2012-07-31'),
(9, 18, 3, false, '2011-11-09'),
(10, 13, 1, true, '2001-03-01'),
(11, 16, 6, false, '2006-09-10'),
(12, 5, 7, true, '2013-03-14'),
(13, 14, 7, true, '2014-03-13'),
(14, 15, 1, false, '2003-03-03'),
(15, 1, 17, true, '2020-01-12'),
(16, 6, 12, false, '2006-03-19'),
(17, 17, 10, true, '2007-01-02'),
(18, 14, 4, true, '2018-05-23'),
(19, 14, 4, false, '2002-05-26'),
(20, 2, 6, true, '2008-05-21'),
(21, 9, 16, true, '2007-12-11'),
(22, 11, 5, true, '2011-03-02'),
(23, 2, 11, false, '2011-09-04'),
(24, 18, 3, true, '2021-09-08'),
(25, 8, 18, false, '2009-10-07'),
(26, 17, 20, false, '2021-07-13'),
(27, 12, 10, false, '2002-10-31'),
(28, 15, 17, true, '2016-08-10'),
(29, 19, 7, false, '2015-01-28'),
(30, 14, 12, true, '2003-12-18')
(31, 2, 15, true, '2003-05-12'),
(32, 3, 4, true, '2012-07-16'),
(33, 8, 2, true, '2007-05-17'),
(34, 16, 12, true, '2007-11-19'),
(35, 10, 13, false, '2011-01-20');

INSERT INTO Groups (GroupID, GroupName, CreatedBy, DateAdded) VALUES
(1, 'tristique tortor eu', 1, '2005-02-21'),
(2, 'est phasellus sit', 8, '2007-02-15'),
(3, 'ligula nec sem duis aliquam convallis nunc proin at turpis a', 17, '2015-08-25'),
(4, 'at feugiat non pretium quis lectus', 19, '2010-01-16'),
(5, 'tortor risus dapibus', 15, '2014-04-16'),
(6, 'tortor id', 3, '2000-07-19'),
(7, 'risus dapibus augue vel accumsan tellus nisi eu orci mauris lacinia', 1, '2016-11-29'),
(8, 'ut rhoncus aliquet pulvinar sed nisl nunc rhoncus', 3, '2003-01-01'),
(9, 'faucibus orci luctus et ultrices posuere cubilia curae mauris viverra', 6, '2005-05-09'),
(10, 'tellus semper interdum mauris ullamcorper purus sit amet nulla quisque arcu libero', 15, '2004-03-13'),
(11, 'sapien a', 16, '2011-12-02'),
(12, 'nulla sed accumsan felis ut at dolor', 9, '2005-06-17'),
(13, 'quam a odio in hac habitasse platea', 16, '2000-07-16'),
(14, 'eget elit sodales scelerisque mauris sit amet eros suspendisse', 3, '2001-08-13'),
(15, 'facilisi cras non velit nec nisi vulputate nonummy maecenas', 10, '2022-10-17'),
(16, 'platea dictumst etiam faucibus cursus urna ut tellus nulla ut', 11, '2010-10-26'),
(17, 'nunc rhoncus dui vel sem', 9, '2020-10-13'),
(18, 'rutrum ac lobortis vel dapibus at diam nam tristique', 19, '2001-02-16'),
(19, 'lorem integer tincidunt', 19, '2010-12-09'),
(20, 'eros vestibulum ac est lacinia', 9, '2015-07-04');

INSERT INTO Posts (PostID, PostDescription, PostedBy, IsPublic, IsOnlyForFriends, GroupID, DatePosted) VALUES
(1, 'purus sit amet nulla quisque arcu libero rutrum ac lobortis vel dapibus', 12, true, true, 3, '2020-04-02T14:56:41Z'),
(2, 'mattis egestas metus aenean fermentum donec ut mauris eget massa', 2, false, true, 5, '2014-11-11T09:51:01Z'),
(3, 'leo rhoncus sed vestibulum sit amet cursus id turpis integer aliquet massa id lobortis convallis tortor', 7, true, true, 6, '2002-03-14T10:48:57Z'),
(4, 'aliquam sit amet diam in magna bibendum imperdiet nullam orci pede', 4, false, false, 5, '2006-02-16T15:54:02Z'),
(5, 'nullam molestie nibh in lectus pellentesque at nulla suspendisse potenti cras', 18, false, false, 4, '2005-12-28T20:27:04Z'),
(6, 'primis in faucibus orci luctus et ultrices posuere cubilia curae nulla dapibus dolor vel est donec odio justo sollicitudin ut', 13, false, false, 12, '2017-08-01T03:55:44Z'),
(7, 'vivamus vel nulla eget eros elementum pellentesque quisque porta volutpat erat quisque erat eros', 3, true, false, 13, '2001-02-01T00:50:50Z'),
(8, 'eget nunc donec quis orci eget orci vehicula condimentum curabitur', 1, true, true, 18, '2001-11-20T13:16:59Z'),
(9, 'lacinia eget tincidunt eget tempus vel pede morbi porttitor lorem id ligula suspendisse', 11, false, true, 15, '2019-06-11T02:39:48Z'),
(10, 'lacinia erat vestibulum sed magna at nunc commodo placerat praesent blandit nam nulla integer', 18, false, false, 14, '2017-08-18T23:35:37Z'),
(11, 'quis tortor id nulla ultrices aliquet maecenas leo odio condimentum', 4, true, true, 14, '2019-03-28T01:47:18Z'),
(12, 'vestibulum sed magna at nunc commodo placerat praesent blandit nam nulla integer pede justo lacinia eget tincidunt eget tempus', 14, true, true, 4, '2007-11-18T15:12:13Z'),
(13, 'blandit nam nulla integer pede justo lacinia eget tincidunt eget tempus vel pede morbi porttitor lorem id ligula suspendisse ornare', 10, true, true, 2, '2014-05-25T05:57:09Z'),
(14, 'mi sit amet lobortis sapien sapien non mi integer ac neque duis bibendum morbi non quam nec dui luctus rutrum', 14, true, true, 9, '2015-03-24T17:18:02Z'),
(15, 'odio in hac habitasse platea dictumst maecenas ut massa quis augue luctus tincidunt nulla mollis', 17, false, false, 12, '2002-04-08T14:45:42Z'),
(16, 'sed vestibulum sit amet cursus id turpis integer aliquet massa id lobortis convallis tortor risus dapibus augue', 13, false, true, 10, '2009-05-19T06:26:48Z'),
(17, 'tempor turpis nec euismod scelerisque quam turpis adipiscing lorem vitae', 1, false, false, 5, '2007-08-26T19:12:26Z'),
(18, 'interdum mauris non ligula pellentesque ultrices phasellus id sapien in sapien iaculis congue vivamus metus arcu adipiscing molestie hendrerit at', 10, true, false, 17, '2020-06-05T00:45:44Z'),
(19, 'id justo sit amet sapien dignissim vestibulum vestibulum ante ipsum primis in', 13, true, true, 8, '2011-08-14T03:18:31Z'),
(20, 'sed nisl nunc rhoncus dui vel sem sed sagittis nam', 4, false, true, 8, '2013-08-04T00:00:00Z'),
(21, 'viverra eget congue eget semper rutrum nulla nunc purus phasellus in felis donec semper sapien', 12, true, true, 15, '2004-03-20T00:00:00Z'),
(22, 'purus aliquet at feugiat non pretium quis lectus suspendisse potenti in eleifend quam', 2, true, true, 9, '2006-03-21T00:00:00Z'),
(23, 'urna pretium nisl ut volutpat sapien arcu sed augue aliquam erat volutpat in congue etiam', 19, true, false, 17, '2017-11-13T00:00:00Z'),
(24, 'quam fringilla rhoncus mauris enim leo rhoncus sed vestibulum sit amet cursus id turpis integer aliquet', 5, true, false, 12, '2006-05-29T00:00:00Z'),
(25, 'quam turpis adipiscing lorem vitae mattis nibh ligula nec sem duis aliquam convallis', 5, true, false, 13, '2014-06-29T00:00:00Z');


INSERT INTO GroupMembershipRequests (GroupMemberShipRequestsID, GroupID, GroupMemberUserID, IsGroupMemberShipAccepted, DateAccepted) VALUES
(1, 20, 11, false, '1971-10-20'),
(2, 12, 13, false, '2005-07-18'),
(3, 2, 7, true, '1991-01-03'),
(4, 18, 2, false, '2012-11-25'),
(5, 6, 3, false, '1994-05-30'),
(6, 1, 2, true, '2018-01-27'),
(7, 16, 18, false, '1980-10-25'),
(8, 10, 19, true, '1972-01-08'),
(9, 1, 12, false, '1994-12-19'),
(10, 14, 16, true, '2012-06-12'),
(11, 12, 8, true, '1983-10-06'),
(12, 9, 3, true, '2000-04-24'),
(13, 4, 15, false, '1991-03-21'),
(14, 5, 19, false, '2002-09-14'),
(15, 9, 2, false, '2012-02-24'),
(16, 20, 6, false, '1979-07-24'),
(17, 15, 17, false, '1994-09-26'),
(18, 18, 14, false, '1990-07-28'),
(19, 4, 13, true, '1992-12-07'),
(20, 14, 1, true, '2003-12-19'),
(21, 10, 20, true, '2000-02-19'),
(22, 2, 14, false, '2008-01-28'),
(23, 4, 1, true, '2010-05-20'),
(24, 8, 20, true, '2019-10-17'),
(25, 2, 8, false, '2012-06-23');




